{"stats":{"minecraft:used":{"alexsmobs:banana_peel":1,"minecraft:diamond_boots":1,"zombie_extreme:pill_against_radiation":1,"zombie_extreme:syringe_stimulator":1,"minecraft:chorus_fruit":1,"zombie_extreme:m_9_knife":10,"zombie_extreme:pill_night_vision":1,"minecraft:shield":7,"zombie_extreme:assasin_black_ops_spawn_egg":1,"zombie_extreme:experimental_pill":1,"zombie_extreme:dizziness_pill":1,"minecraft:iron_chestplate":1,"zombie_extreme:pill_psycho":1,"minecraft:dirt":14,"minecraft:diamond_helmet":1,"zombie_extreme:syringe_night_vision":1,"alexsmobs:spawn_egg_cosmaw":1,"minecraft:iron_helmet":1,"zombie_extreme:syringe_drug":1,"minecraft:iron_boots":1,"zombie_extreme:frying_pan":6,"zombie_extreme:syringe_antidote":1,"biomesoplenty:toadstool":1,"minecraft:diamond_chestplate":1,"minecraft:bedrock":1,"minecraft:diamond_sword":11,"alexsmobs:spawn_egg_rhinoceros":1,"zombie_extreme:computer_monitor":1,"zombie_extreme:experimental_serum":1,"zombie_extreme:syringe_adrenaline":1,"alexsmobs:spawn_egg_potoo":1,"minecraft:diamond_leggings":1,"minecraft:enchanted_golden_apple":8,"zombie_extreme:pill_anti_hunger":1,"minecraft:iron_leggings":1},"minecraft:killed_by":{"alexsmobs:void_worm":2,"alexsmobs:bald_eagle":1,"minecraft:player":5,"minecraft:zombie":1,"zombie_extreme:assasin_black_ops":2},"minecraft:killed":{"alexsmobs:anaconda":2,"alexsmobs:tasmanian_devil":1,"minecraft:creeper":2,"zombie_extreme:zero_patient":1,"minecraft:wither":1,"zombie_extreme:clicker":1,"minecraft:zombie":3,"alexsmobs:banana_slug":1,"zombie_extreme:assasin_black_ops":2,"alexsmobs:kangaroo":1},"minecraft:dropped":{"minecraft:iron_ingot":1,"minecraft:wheat_seeds":3,"alexsmobs:banana_slug_slime":2,"zombie_extreme:m_9_knife":3,"projectvibrantjourneys:twigs":1,"minecraft:nether_star":2,"alexsmobs:kangaroo_meat":2,"minecraft:diamond_leggings":1,"minecraft:rotten_flesh":4,"minecraft:bedrock":1,"alexsmobs:kangaroo_hide":4,"minecraft:diamond_sword":2,"minecraft:dirt":10,"minecraft:diamond_chestplate":1,"alexsmobs:dropbear_claw":4,"minecraft:diamond_helmet":1,"tacz:ammo":1,"minecraft:diamond_boots":1,"tacz:attachment":5},"minecraft:mined":{"biomesoplenty:sprout":2,"biomesoplenty:toadstool":1,"minecraft:grass":3,"projectvibrantjourneys:short_grass":3},"minecraft:custom":{"minecraft:mob_kills":16,"minecraft:time_since_death":8722,"minecraft:damage_resisted":251,"minecraft:time_since_rest":8752,"minecraft:sprint_one_cm":36829,"minecraft:damage_taken":2542,"minecraft:walk_one_cm":69020,"minecraft:damage_blocked_by_shield":290,"minecraft:drop":37,"minecraft:damage_dealt":1719,"minecraft:fly_one_cm":57086,"minecraft:crouch_one_cm":157,"minecraft:play_time":27576,"minecraft:deaths":11,"minecraft:sneak_time":249,"minecraft:jump":372,"minecraft:walk_on_water_one_cm":13825,"minecraft:total_world_time":27576,"minecraft:fall_one_cm":11590},"minecraft:picked_up":{"zombie_extreme:frying_pan":1,"minecraft:iron_chestplate":1,"zombie_extreme:m_9_knife":4,"zombie_extreme:juggernaut_suit_leggings":1,"minecraft:diamond_sword":2,"zombie_extreme:computer_monitor":1,"zombie_extreme:pill_anti_hunger":1,"minecraft:bedrock":2,"zombie_extreme:juggernaut_suit_helmet":1,"minecraft:lily_pad":3,"minecraft:shield":2,"minecraft:dirt":24,"zombie_extreme:syringe_stimulator":1,"zombie_extreme:experimental_pill":1,"minecraft:iron_leggings":1,"tacz:ammo":351,"alexsmobs:dropbear_claw":4,"minecraft:diamond_leggings":1,"minecraft:wheat_seeds":3,"alexsmobs:spawn_egg_potoo":1,"minecraft:netherite_sword":1,"minecraft:iron_ingot":1,"zombie_extreme:syringe_antidote":1,"minecraft:diamond_helmet":1,"minecraft:enchanted_golden_apple":126,"alexsmobs:spawn_egg_cosmaw":1,"alexsmobs:banana_peel":1,"minecraft:iron_boots":1,"biomesoplenty:toadstool":1,"zombie_extreme:syringe_drug":1,"tacz:attachment":21,"zombie_extreme:juggernaut_suit_boots":1,"zombie_extreme:pill_night_vision":1,"zombie_extreme:syringe_adrenaline":1,"zombie_extreme:assasin_black_ops_spawn_egg":1,"dayzombierebooted:protection_helmet":1,"zombie_extreme:experimental_serum":1,"zombie_extreme:dizziness_pill":1,"minecraft:diamond_chestplate":1,"alexsmobs:kangaroo_hide":4,"minecraft:rotten_flesh":4,"tacz:modern_kinetic_gun":6,"minecraft:diamond_boots":1,"minecraft:iron_helmet":1,"zombie_extreme:pill_against_radiation":1,"zombie_extreme:canned_food":16,"zombie_extreme:syringe_night_vision":1,"zombie_extreme:juggernaut_suit_chestplate":1,"alexsmobs:banana_slug_slime":2,"projectvibrantjourneys:twigs":1,"zombie_extreme:pill_psycho":1,"minecraft:chorus_fruit":1,"alexsmobs:spawn_egg_rhinoceros":1,"alexsmobs:kangaroo_meat":2,"minecraft:nether_star":2}},"DataVersion":3465}