{"stats":{"minecraft:killed_by":{"minecraft:player":5,"minecraft:zombie":1,"zombie_extreme:assasin_black_ops":2},"minecraft:used":{"zombie_extreme:pill_against_radiation":1,"zombie_extreme:syringe_stimulator":1,"minecraft:chorus_fruit":1,"zombie_extreme:m_9_knife":10,"zombie_extreme:pill_night_vision":1,"minecraft:shield":7,"zombie_extreme:assasin_black_ops_spawn_egg":1,"zombie_extreme:experimental_pill":1,"zombie_extreme:dizziness_pill":1,"minecraft:iron_chestplate":1,"zombie_extreme:pill_psycho":1,"minecraft:dirt":14,"zombie_extreme:syringe_night_vision":1,"minecraft:iron_helmet":1,"zombie_extreme:syringe_drug":1,"minecraft:iron_boots":1,"zombie_extreme:syringe_antidote":1,"minecraft:bedrock":1,"minecraft:diamond_sword":11,"zombie_extreme:experimental_serum":1,"zombie_extreme:syringe_adrenaline":1,"minecraft:enchanted_golden_apple":3,"zombie_extreme:pill_anti_hunger":1,"minecraft:iron_leggings":1},"minecraft:killed":{"alexsmobs:tasmanian_devil":1,"minecraft:wither":1,"minecraft:zombie":2,"zombie_extreme:assasin_black_ops":2,"alexsmobs:kangaroo":1},"minecraft:dropped":{"minecraft:iron_ingot":1,"minecraft:wheat_seeds":3,"zombie_extreme:m_9_knife":3,"minecraft:nether_star":1,"alexsmobs:kangaroo_meat":2,"minecraft:rotten_flesh":2,"minecraft:bedrock":1,"alexsmobs:kangaroo_hide":4,"minecraft:diamond_sword":1,"minecraft:dirt":5,"alexsmobs:dropbear_claw":4},"minecraft:mined":{"minecraft:grass":2,"projectvibrantjourneys:short_grass":3},"minecraft:custom":{"minecraft:mob_kills":8,"minecraft:time_since_death":6130,"minecraft:damage_resisted":251,"minecraft:time_since_rest":6158,"minecraft:sprint_one_cm":18657,"minecraft:damage_taken":1318,"minecraft:walk_one_cm":33823,"minecraft:damage_blocked_by_shield":290,"minecraft:drop":19,"minecraft:damage_dealt":1519,"minecraft:fly_one_cm":35332,"minecraft:crouch_one_cm":88,"minecraft:play_time":15576,"minecraft:deaths":8,"minecraft:sneak_time":122,"minecraft:jump":219,"minecraft:walk_on_water_one_cm":13825,"minecraft:total_world_time":15576,"minecraft:fall_one_cm":4869},"minecraft:picked_up":{"minecraft:iron_chestplate":1,"zombie_extreme:m_9_knife":4,"minecraft:diamond_sword":2,"zombie_extreme:pill_anti_hunger":1,"minecraft:bedrock":2,"minecraft:lily_pad":3,"minecraft:shield":1,"minecraft:dirt":24,"zombie_extreme:syringe_stimulator":1,"zombie_extreme:experimental_pill":1,"minecraft:iron_leggings":1,"tacz:ammo":132,"alexsmobs:dropbear_claw":4,"minecraft:wheat_seeds":3,"minecraft:iron_ingot":1,"zombie_extreme:syringe_antidote":1,"minecraft:enchanted_golden_apple":62,"minecraft:iron_boots":1,"zombie_extreme:syringe_drug":1,"zombie_extreme:pill_night_vision":1,"zombie_extreme:syringe_adrenaline":1,"zombie_extreme:assasin_black_ops_spawn_egg":1,"dayzombierebooted:protection_helmet":1,"zombie_extreme:experimental_serum":1,"zombie_extreme:dizziness_pill":1,"alexsmobs:kangaroo_hide":4,"minecraft:rotten_flesh":3,"tacz:modern_kinetic_gun":2,"minecraft:iron_helmet":1,"zombie_extreme:pill_against_radiation":1,"zombie_extreme:syringe_night_vision":1,"zombie_extreme:pill_psycho":1,"minecraft:chorus_fruit":1,"alexsmobs:kangaroo_meat":2,"minecraft:nether_star":2}},"DataVersion":3465}