{"stats":{"minecraft:mined":{"minecraft:oak_log":4,"biomesoplenty:maple_leaves":2,"minecraft:crafting_table":1},"minecraft:custom":{"minecraft:jump":21,"minecraft:time_since_rest":5393,"minecraft:crouch_one_cm":168,"minecraft:sprint_one_cm":2325,"minecraft:play_time":5393,"minecraft:time_since_death":5393,"minecraft:walk_one_cm":10547,"minecraft:sneak_time":347,"minecraft:total_world_time":5393,"minecraft:interact_with_crafting_table":1,"minecraft:fall_one_cm":209,"minecraft:fly_one_cm":6045},"minecraft:used":{"minecraft:crafting_table":1,"biomesoplenty:maple_sapling":1},"minecraft:picked_up":{"minecraft:crafting_table":1,"biomesoplenty:maple_sapling":1,"minecraft:oak_log":4},"minecraft:crafted":{"minecraft:crafting_table":1,"minecraft:oak_planks":16,"minecraft:stick":4,"minecraft:wooden_pickaxe":1}},"DataVersion":3465}