{"stats":{"minecraft:used":{"projectvibrantjourneys:acacia_hollow_log":10,"alexsmobs:spawn_egg_mantis_shrimp":2,"alexsmobs:banana_peel":3,"alexsmobs:spawn_egg_blue_jay":2,"alexsmobs:spawn_egg_mungus":1,"alexsmobs:spawn_egg_cosmaw":3,"alexsmobs:spawn_egg_toucan":1,"cfm:rainbow_sofa":2,"zombie_extreme:assasin_black_ops_spawn_egg":4,"alexsmobs:spawn_egg_leafcutter_ant":1,"tacz:statue":2,"minecraft:bell":4,"alexsmobs:spawn_egg_cachalot_whale":1,"minecraft:bedrock":21,"alexsmobs:spawn_egg_rhinoceros":1,"minecraft:bow":2,"alexsmobs:spawn_egg_mimic_octopus":2,"alexsmobs:spawn_egg_emu":1,"alexsmobs:spawn_egg_dropbear":1,"alexsmobs:spawn_egg_tasmanian_devil":1,"minecraft:polar_bear_spawn_egg":1,"alexsmobs:spawn_egg_kangaroo":1},"minecraft:killed":{"alexsmobs:dropbear":1,"minecraft:zombie":2,"alexsmobs:cachalot_whale":1,"alexsmobs:grizzly_bear":2,"hordes:zombie_player":1,"alexsmobs:cosmaw":2,"zombie_extreme:assasin_black_ops":3,"alexsmobs:tasmanian_devil":1,"alexsmobs:rhinoceros":1,"alexsmobs:mantis_shrimp":1},"minecraft:dropped":{"zombie_extreme:pill_psycho":1,"minecraft:diamond_sword":1,"zombie_extreme:pill_night_vision":1,"alexsmobs:spawn_egg_cachalot_whale":1,"zombie_extreme:syringe_antidote":1,"minecraft:shield":1,"minecraft:wheat_seeds":1,"zombie_extreme:experimental_serum":1,"zombie_extreme:syringe_stimulator":1,"zombie_extreme:syringe_adrenaline":1,"zombie_extreme:m_9_knife":2,"minecraft:iron_chestplate":1,"zombie_extreme:dizziness_pill":1,"zombie_extreme:experimental_pill":1,"minecraft:iron_helmet":1,"minecraft:iron_leggings":1,"zombie_extreme:syringe_night_vision":1,"tacz:modern_kinetic_gun":1,"tacz:ammo":132,"minecraft:iron_boots":1,"minecraft:enchanted_golden_apple":126,"zombie_extreme:pill_anti_hunger":1,"minecraft:bedrock":1,"zombie_extreme:assasin_black_ops_spawn_egg":1,"zombie_extreme:syringe_drug":1,"zombie_extreme:pill_against_radiation":1,"tacz:attachment":5},"minecraft:custom":{"minecraft:time_since_rest":17329,"minecraft:sprint_one_cm":197,"minecraft:walk_one_cm":15803,"minecraft:mob_kills":15,"minecraft:drop":39,"minecraft:damage_dealt":16,"minecraft:fly_one_cm":54022,"minecraft:player_kills":5,"minecraft:crouch_one_cm":6,"minecraft:play_time":17329,"minecraft:sneak_time":197,"minecraft:jump":11,"minecraft:time_since_death":17329,"minecraft:total_world_time":17329,"minecraft:fall_one_cm":209},"minecraft:picked_up":{"zombie_extreme:m_9_knife":2,"tacz:attachment":2,"alexsmobs:spawn_egg_cachalot_whale":1,"minecraft:rotten_flesh":2,"minecraft:wheat_seeds":1,"minecraft:enchanted_golden_apple":62}},"DataVersion":3465}