{"stats":{"minecraft:used":{"projectvibrantjourneys:acacia_hollow_log":10,"alexsmobs:spawn_egg_mantis_shrimp":2,"alexsmobs:banana_peel":3,"alexsmobs:spawn_egg_banana_slug":2,"alexsmobs:spawn_egg_seal":2,"alexsmobs:spawn_egg_toucan":1,"zombie_extreme:assasin_black_ops_spawn_egg":4,"tacz:statue":7,"minecraft:bell":4,"alexsmobs:spawn_egg_mimic_octopus":2,"alexsmobs:spawn_egg_dropbear":1,"minecraft:campfire":5,"minecraft:polar_bear_spawn_egg":1,"zombie_extreme:zero_patient_spawn_egg":3,"alexsmobs:spawn_egg_kangaroo":1,"alexsmobs:spawn_egg_blue_jay":2,"alexsmobs:spawn_egg_mungus":1,"zombie_extreme:spotlight":2,"zombie_extreme:radio_installation":1,"alexsmobs:spawn_egg_cosmaw":7,"cfm:rainbow_sofa":2,"alexsmobs:spawn_egg_leafcutter_ant":1,"alexsmobs:spawn_egg_snow_leopard":3,"alexsmobs:spawn_egg_cachalot_whale":1,"minecraft:bedrock":21,"alexsmobs:spawn_egg_rhinoceros":1,"minecraft:bow":2,"alexsmobs:spawn_egg_rattlesnake":4,"alexsmobs:spawn_egg_blobfish":2,"alexsmobs:spawn_egg_emu":1,"zombie_extreme:computer_monitor":2,"alexsmobs:spawn_egg_void_worm":1,"alexsmobs:spawn_egg_tasmanian_devil":1,"alexsmobs:spawn_egg_potoo":2},"minecraft:killed":{"alexsmobs:dropbear":1,"minecraft:witch":1,"alexsmobs:grizzly_bear":2,"hordes:zombie_player":2,"alexsmobs:anaconda":1,"alexsmobs:potoo":1,"alexsmobs:void_worm":3,"alexsmobs:snow_leopard":2,"alexsmobs:cosmaw":4,"alexsmobs:tasmanian_devil":2,"alexsmobs:bald_eagle":1,"alexsmobs:mantis_shrimp":1,"alexsmobs:rhinoceros":2,"zombie_extreme:zero_patient":2,"minecraft:zombie":4,"alexsmobs:cachalot_whale":1,"zombie_extreme:assasin_black_ops":3,"zombie_extreme:explosive_infected":1},"minecraft:dropped":{"zombie_extreme:computer_monitor":1,"alexsmobs:banana_peel":1,"zombie_extreme:pill_night_vision":1,"zombie_extreme:syringe_antidote":1,"zombie_extreme:juggernaut_suit_chestplate":1,"minecraft:wheat_seeds":1,"alexsmobs:spawn_egg_potoo":1,"zombie_extreme:syringe_adrenaline":1,"zombie_extreme:m_9_knife":2,"alexsmobs:spawn_egg_cosmaw":1,"zombie_extreme:dizziness_pill":1,"minecraft:netherite_sword":1,"minecraft:diamond_leggings":1,"minecraft:iron_helmet":1,"minecraft:rotten_flesh":2,"zombie_extreme:syringe_night_vision":1,"minecraft:iron_boots":1,"minecraft:enchanted_golden_apple":190,"zombie_extreme:juggernaut_suit_leggings":1,"zombie_extreme:canned_food":16,"zombie_extreme:assasin_black_ops_spawn_egg":1,"minecraft:bedrock":1,"zombie_extreme:juggernaut_suit_boots":1,"zombie_extreme:syringe_drug":1,"zombie_extreme:pill_psycho":1,"minecraft:diamond_sword":1,"alexsmobs:spawn_egg_cachalot_whale":1,"minecraft:shield":2,"zombie_extreme:experimental_serum":1,"zombie_extreme:syringe_stimulator":1,"minecraft:diamond_chestplate":1,"minecraft:iron_chestplate":1,"minecraft:diamond_helmet":1,"zombie_extreme:experimental_pill":1,"minecraft:iron_leggings":1,"alexsmobs:spawn_egg_rhinoceros":1,"tacz:modern_kinetic_gun":4,"tacz:ammo":351,"minecraft:diamond_boots":1,"zombie_extreme:pill_anti_hunger":1,"zombie_extreme:frying_pan":1,"zombie_extreme:juggernaut_suit_helmet":1,"zombie_extreme:pill_against_radiation":1,"tacz:attachment":29},"minecraft:custom":{"minecraft:mob_kills":34,"minecraft:time_since_death":29329,"minecraft:time_since_rest":29329,"minecraft:sprint_one_cm":535,"minecraft:damage_taken":60,"minecraft:walk_one_cm":19480,"minecraft:drop":93,"minecraft:damage_dealt":26,"minecraft:fly_one_cm":98822,"minecraft:player_kills":5,"minecraft:crouch_one_cm":6,"minecraft:play_time":29329,"minecraft:sneak_time":466,"minecraft:jump":14,"minecraft:total_world_time":29329,"minecraft:fall_one_cm":209},"minecraft:picked_up":{"zombie_extreme:m_9_knife":2,"tacz:ammo":1,"minecraft:diamond_leggings":1,"minecraft:wheat_seeds":1,"minecraft:diamond_helmet":1,"minecraft:enchanted_golden_apple":62,"tacz:attachment":8,"minecraft:diamond_chestplate":1,"alexsmobs:spawn_egg_cachalot_whale":1,"minecraft:rotten_flesh":2,"minecraft:diamond_boots":1,"alexsmobs:banana_slug_slime":2}},"DataVersion":3465}